{"cameraMode":{"drawMode":0,"name":"Shaded","section":"Shading Mode"},"sceneLighting":true,"audioPlay":false,"sceneViewState":{"m_AlwaysRefresh":false,"showFog":true,"showSkybox":true,"showFlares":true,"showImageEffects":true,"showParticleSystems":true,"showVisualEffectGraphs":true,"m_FxEnabled":true},"in2DMode":false,"pivot":{"x":4.615194320678711,"y":8.05903148651123,"z":-14.36024284362793},"rotation":{"x":-0.21602818369865418,"y":0.024011483415961267,"z":-0.005316870752722025,"w":-0.9760869741439819},"size":0.4185449779033661,"orthographic":false}